 Destination Port, Flow Duration, Total Fwd Packets,Total Length of Fwd Packets, Fwd Packet Length Max, Fwd Packet Length Min,Bwd Packet Length Max, Bwd Packet Length Min,Flow Bytes/s, Flow Packets/s, Flow IAT Mean, Flow IAT Std, Flow IAT Min,Bwd IAT Total, Bwd IAT Std,Fwd PSH Flags, Bwd PSH Flags, Fwd URG Flags, Bwd URG Flags, Fwd Header Length, Bwd Header Length, Bwd Packets/s, Min Packet Length,FIN Flag Count, RST Flag Count, PSH Flag Count, ACK Flag Count, URG Flag Count, Down/Up Ratio,Fwd Avg Bytes/Bulk, Fwd Avg Packets/Bulk, Fwd Avg Bulk Rate, Bwd Avg Bytes/Bulk, Bwd Avg Packets/Bulk,Bwd Avg Bulk Rate,Init_Win_bytes_forward, Init_Win_bytes_backward, min_seg_size_forward,Active Mean, Active Std, Active Max, Idle Std
80,5000,50,1000,500,1500,60,60,1000,10000,10,100,50,10,5000,25,1,1,0,0,200,200,5,60,1,0,2,10,0,0.5,500,5,1000,1000,5,1000,8192,8192,20,10050,200,0,0,8192,8192,20,5000,50.0,100.0
80,2000.0,22,1000,500,100,500,100,7920.503782137235,61.20450491510532,100.0,50.0,20.0,500.0,100.0,8,9,0,0,400,400,25.0,20,1,0,20,37,0,0.5,100,3,1000,1000,3,1000,8192,8192,20,1000.0,50.0,400.0,50.0
80,58.963575183939696,393,117900,1000,200,60,0,318088.0553880859,1459.4716201250062,4.149859812146939,2.0,0.0,20.0,10.0,196,0,0,0,15720,40,2.0,20.0,12,196,393,0,0.1,300,30,5000,0,0.0,8192,8192,20,5000.0,50.0,400.0,50.0
80,1923.134843502001,687,343500,1500,400,100,0,566957.8430505084,1757.4278672859289,5.017881654773969,1.0,0.0,10.0,5.0,697,0,0,0,27480,40,1.0,20.0,1,697,697,0,0,0,500,50,10000,0,0,0,8192,8192,20,5000.0,100.0,1000.0,100.0,Bot,10
80,80,381.076531590475,395,118500,1000,200,60,0,257569.94662847367,1112.1010459842448,7.863508221180313,2.0,0.0,20.0,10.0,197,0,0,0,15800,40,2.0,20.0,11,197,395,0,0.1,300,30,5000,0,0,0,8192,8192,20,5000.0,50.0,400.0,50.0,DDoS,2
